{"YEARS":{"0":3},"FORECAST_HORIZON":{"0":28},"cv_m":{"0":8.98},"cv_std":{"0":1.2358},"in_sample_error":{"0":9.0197},"out_of_sample_error":{"0":50.1503},"const":{"0":"const"},"g1":{"0":"g1"},"g3":{"0":"g3"},"g4":{"0":"g4"},"g5":{"0":"g5"},"g7":{"0":"g7"},"g8":{"0":"g8"},"g11":{"0":"g11"},"g13":{"0":"g13"},"g14":{"0":"g14"},"g15":{"0":"g15"},"g16":{"0":"g16"},"g17":{"0":"g17"},"g18":{"0":"g18"},"g12":{"0":"g12"},"cf":{"0":"OLS"},"gs":{"0":{"clean_spreads":"standardize","dark_spreads":"standardize","precip":"standardize","temperature":"standardize","wind":"standardize","trend":"identical","curve_103234271":"standardize","curve_103234272":"standardize","curve_103234276":"standardize","curve_103234278":"standardize","curve_103234281":"standardize","mo_th_yes":"identical","S1-7":"identical","C1-7":"identical","S2-7":"identical","C2-7":"identical","S3-7":"identical","C3-7":"identical","day_1":"identical","day_2":"identical","day_3":"identical","day_4":"identical","day_5":"identical","day_6":"identical"}}}