{"YEARS":{"0":3},"FORECAST_HORIZON":{"0":28},"cv_m":{"0":9.54},"cv_std":{"0":2.2951},"in_sample_error":{"0":6.9185},"out_of_sample_error":{"0":10.53},"const":{"0":"const"},"clean_spreads":{"0":"clean_spreads"},"wind":{"0":"wind"},"curve_103234271":{"0":"curve_103234271"},"curve_103234272":{"0":"curve_103234272"},"mo_th_yes":{"0":"mo_th_yes"},"cf":{"0":"SARIMAX"},"gs":{"0":{"clean_spreads":"identical","dark_spreads":"identical","precip":"identical","temperature":"identical","wind":"identical","trend":"identical","curve_103234271":"identical","curve_103234272":"identical","curve_103234276":"identical","curve_103234278":"identical","curve_103234281":"identical","mo_th_yes":"identical"}}}