{"YEARS":{"0":3},"FORECAST_HORIZON":{"0":90},"cv_m":{"0":10.57},"cv_std":{"0":1.7945},"in_sample_error":{"0":9.1154},"out_of_sample_error":{"0":14.56},"const":{"0":"const"},"clean_spreads":{"0":null},"dark_spreads":{"0":null},"precip":{"0":null},"temperature":{"0":null},"wind":{"0":null},"trend":{"0":null},"S1-7":{"0":null},"C1-7":{"0":null},"S2-7":{"0":null},"C2-7":{"0":null},"S3-7":{"0":null},"C3-7":{"0":null},"mo_th_yes":{"0":null},"cf":{"0":"OLS"},"gs":{"0":{"clean_spreads":"standardize","dark_spreads":"standardize","precip":"standardize","temperature":"standardize","wind":"standardize","trend":"identical","mo_th_yes":"identical","S1-7":"identical","C1-7":"identical","S2-7":"identical","C2-7":"identical","S3-7":"identical","C3-7":"identical","day_1":"identical","day_2":"identical","day_3":"identical","day_4":"identical","day_5":"identical","day_6":"identical"}}}