{"YEARS":{"0":4},"FORECAST_HORIZON":{"0":14},"cv_m":{"0":11.42},"cv_std":{"0":9.1705},"out_of_sample_error":{"0":11.7},"const":{"0":"const"},"g7":{"0":"mo_th_yes"},"g14":{"0":"day_1"},"g15":{"0":"day_2"},"g16":{"0":"day_3"},"g17":{"0":"day_4"},"g18":{"0":"day_5"},"g19":{"0":"day_6"},"g8":{"0":"sin365_1"},"g9":{"0":"cos365_1"},"g10":{"0":"sin365_2"},"g11":{"0":"cos365_2"},"g12":{"0":"sin365_3"},"g13":{"0":"cos365_3"},"g1":{"0":"clean_spreads"},"g3":{"0":"precip"},"g4":{"0":"temperature"},"g5":{"0":"wind"},"g6":{"0":"trend"},"cf":{"0":"OLS"},"gs":{"0":{"clean_spreads":"standardize","dark_spreads":"standardize","precip":"standardize","temperature":"standardize","wind":"standardize","trend":"standardize","mo_th_yes":"identical","sin365_1":"identical","cos365_1":"identical","sin365_2":"identical","cos365_2":"identical","sin365_3":"identical","cos365_3":"identical","day_1":"identical","day_2":"identical","day_3":"identical","day_4":"identical","day_5":"identical","day_6":"identical"}}}