{"YEARS":{"0":3},"FORECAST_HORIZON":{"0":14},"cv_m":{"0":8.81},"cv_std":{"0":3.5268},"out_of_sample_error":{"0":10.38},"const":{"0":"const"},"g2":{"0":"dark_spreads"},"g3":{"0":"precip"},"g4":{"0":"temperature"},"g5":{"0":"wind"},"cf":{"0":"SARIMAX"},"gs":{"0":{"clean_spreads":"standardize","dark_spreads":"standardize","precip":"standardize","temperature":"standardize","wind":"standardize","trend":"standardize","mo_th_yes":"identical","sin365_1":"identical","cos365_1":"identical","sin365_2":"identical","cos365_2":"identical","sin365_3":"identical","cos365_3":"identical"}}}