{"YEARS":{"0":3},"FORECAST_HORIZON":{"0":28},"cv_m":{"0":8.58},"cv_std":{"0":1.7547},"in_sample_error":{"0":7.0198},"out_of_sample_error":{"0":10.06},"const":{"0":"const"},"g1":{"0":"g1"},"g3":{"0":"g3"},"g4":{"0":"g4"},"g5":{"0":"g5"},"cf":{"0":"SARIMAX"},"gs":{"0":{"clean_spreads":"identical","dark_spreads":"identical","precip":"identical","temperature":"identical","wind":"identical","trend":"identical","curve_103234271":"identical","curve_103234272":"identical","curve_103234276":"identical","curve_103234278":"identical","curve_103234281":"identical","mo_th_yes":"identical"}}}