{"YEARS":{"0":3},"FORECAST_HORIZON":{"0":28},"cv_m":{"0":9.82},"cv_std":{"0":2.0519},"out_of_sample_error":{"0":9.74},"const":{"0":"const"},"g7":{"0":"mo_th_yes"},"g1":{"0":"clean_spreads"},"g3":{"0":"precip"},"g4":{"0":"temperature"},"g5":{"0":"wind"},"g6":{"0":"trend"},"cf":{"0":"OLS"},"gs":{"0":{"clean_spreads":"standardize","dark_spreads":"standardize","precip":"standardize","temperature":"standardize","wind":"standardize","trend":"identical","mo_th_yes":"identical","sin365_1":"identical","cos365_1":"identical","sin365_2":"identical","cos365_2":"identical","sin365_3":"identical","cos365_3":"identical","day_1":"identical","day_2":"identical","day_3":"identical","day_4":"identical","day_5":"identical","day_6":"identical"}}}