{"YEARS":{"0":3},"FORECAST_HORIZON":{"0":90},"cv_m":{"0":10.41},"cv_std":{"0":2.5929},"in_sample_error":{"0":7.0293},"out_of_sample_error":{"0":7.55},"const":{"0":"const"},"clean_spreads":{"0":"clean_spreads"},"precip":{"0":"precip"},"temperature":{"0":"temperature"},"wind":{"0":"wind"},"cf":{"0":"SARIMAX"},"gs":{"0":{"clean_spreads":"identical","dark_spreads":"identical","precip":"identical","temperature":"identical","wind":"identical","trend":"identical","curve_103234271":"identical","curve_103234272":"identical","curve_103234276":"identical","curve_103234278":"identical","curve_103234281":"identical","mo_th_yes":"identical"}}}