{"YEARS":{"0":3},"FORECAST_HORIZON":{"0":28},"cv_m":{"0":8.98},"cv_std":{"0":1.2358},"in_sample_error":{"0":9.0197},"out_of_sample_error":{"0":50.1503},"const":{"0":"const"},"clean_spreads":{"0":"clean_spreads"},"precip":{"0":"precip"},"temperature":{"0":"temperature"},"wind":{"0":"wind"},"curve_103234271":{"0":"curve_103234271"},"curve_103234272":{"0":"curve_103234272"},"curve_103234281":{"0":"curve_103234281"},"S1-7":{"0":"S1-7"},"C1-7":{"0":"C1-7"},"S2-7":{"0":"S2-7"},"C2-7":{"0":"C2-7"},"S3-7":{"0":"S3-7"},"C3-7":{"0":"C3-7"},"mo_th_yes":{"0":"mo_th_yes"},"cf":{"0":"OLS"},"gs":{"0":{"clean_spreads":"standardize","dark_spreads":"standardize","precip":"standardize","temperature":"standardize","wind":"standardize","trend":"identical","curve_103234271":"standardize","curve_103234272":"standardize","curve_103234276":"standardize","curve_103234278":"standardize","curve_103234281":"standardize","mo_th_yes":"identical","S1-7":"identical","C1-7":"identical","S2-7":"identical","C2-7":"identical","S3-7":"identical","C3-7":"identical","day_1":"identical","day_2":"identical","day_3":"identical","day_4":"identical","day_5":"identical","day_6":"identical"}}}