{"YEARS":{"0":3},"FORECAST_HORIZON":{"0":28},"cv_m":{"0":9.43},"cv_std":{"0":2.0782},"in_sample_error":{"0":9.1114},"out_of_sample_error":{"0":9.91},"const":{"0":"const"},"g7":{"0":"mo_th_yes"},"g1":{"0":"clean_spreads"},"g3":{"0":"precip"},"g4":{"0":"temperature"},"g5":{"0":"wind"},"g6":{"0":"trend"},"g8":{"0":"S1_7"},"g9":{"0":"C1_7"},"g10":{"0":"S2_7"},"g11":{"0":"C2_7"},"g12":{"0":"S3_7"},"g13":{"0":"C3_7"},"cf":{"0":"OLS"},"gs":{"0":{"clean_spreads":"standardize","dark_spreads":"standardize","precip":"standardize","temperature":"standardize","wind":"standardize","trend":"identical","mo_th_yes":"identical","S1_7":"identical","C1_7":"identical","S2_7":"identical","C2_7":"identical","S3_7":"identical","C3_7":"identical","day_1":"identical","day_2":"identical","day_3":"identical","day_4":"identical","day_5":"identical","day_6":"identical"}}}