{"YEARS":{"0":3},"FORECAST_HORIZON":{"0":28},"cv_m":{"0":9.43},"cv_std":{"0":2.0782},"in_sample_error":{"0":9.1114},"out_of_sample_error":{"0":16.6281},"const":{"0":"const"},"g1":{"0":"g1"},"g3":{"0":"g3"},"g4":{"0":"g4"},"g5":{"0":"g5"},"g6":{"0":"g6"},"g8":{"0":"g8"},"g9":{"0":"g9"},"g10":{"0":"g10"},"g11":{"0":"g11"},"g12":{"0":"g12"},"g13":{"0":"g13"},"g7":{"0":"g7"},"cf":{"0":"OLS"},"gs":{"0":{"clean_spreads":"standardize","dark_spreads":"standardize","precip":"standardize","temperature":"standardize","wind":"standardize","trend":"identical","mo_th_yes":"identical","S1-7":"identical","C1-7":"identical","S2-7":"identical","C2-7":"identical","S3-7":"identical","C3-7":"identical","day_1":"identical","day_2":"identical","day_3":"identical","day_4":"identical","day_5":"identical","day_6":"identical"}}}