{"YEARS":{"0":3},"FORECAST_HORIZON":{"0":28},"cv_m":{"0":7.82},"cv_std":{"0":1.4971},"in_sample_error":{"0":10.0372},"out_of_sample_error":{"0":13.1201},"const":{"0":"const"},"temperature":{"0":"temperature"},"wind":{"0":"wind"},"day_1":{"0":"day_1"},"day_2":{"0":"day_2"},"day_3":{"0":"day_3"},"day_4":{"0":"day_4"},"day_5":{"0":"day_5"},"day_6":{"0":"day_6"},"mo_th_yes":{"0":"mo_th_yes"},"cf":{"0":"OLS"},"gs":{"0":{"clean_spreads":"standardize","dark_spreads":"standardize","precip":"standardize","temperature":"standardize","wind":"standardize","trend":"identical","mo_th_yes":"identical","S1-7":"identical","C1-7":"identical","S2-7":"identical","C2-7":"identical","S3-7":"identical","C3-7":"identical","day_1":"identical","day_2":"identical","day_3":"identical","day_4":"identical","day_5":"identical","day_6":"identical"}}}